"ano_edicion","provincia","grupo_hortalizas_ha","grupo_frutales_ha","hort_x_habitantes","frut_x_habitantes","hort_x_10mil_habitantes","frut_x_10mil_habitantes","porcentaje_hogares_nbi","num_habitantes"
"2009","Buenos Aires",28335.1,4961.4,0.00189939763801168,0.00033257943120833,18.9939763801168,3.3257943120833,8.14096156496191,14917940
"2009","Catamarca",2723.4,30205.6,0.00715531827688039,0.0793606087038769,71.5531827688039,793.606087038769,11.3450900511453,380612
"2009","Chaco",4859.4,83.8,0.00465959203399046,8.03543261407581e-05,46.5959203399046,0.803543261407581,18.1621666863138,1042881
"2009","Chubut",437.7,605.1,0.000960696389651608,0.001328118312493,9.60696389651608,13.28118312493,8.44620770395633,455607
"2009","CABA",NA,NA,NA,NA,NA,NA,5.9838244934938,3034161
"2009","Córdoba",NA,NA,NA,NA,NA,NA,6.00556480007133,NA
"2009","Corrientes",656.3,15865.1,0.000654718200826802,0.0158268623006816,6.54718200826802,158.268623006816,15.0965096696378,1002416
"2009","Entre Ríos",NA,NA,NA,NA,NA,NA,8.04833640345382,NA
"2009","Formosa",4692.5,2906.4,0.00881654447822215,0.00546071494331483,88.1654447822215,54.6071494331483,19.7308681924121,532238
"2009","Jujuy",4979.4,6837.6,0.00742345318635709,0.0101937188229576,74.2345318635709,101.937188229576,15.46297886961,670766
"2009","La Pampa",14.1,316.4,4.27822414253465e-05,0.000960021360778697,0.427822414253465,9.60021360778697,3.78828686591006,329576
"2009","La Rioja",607.7,35094.9,0.00181818181818182,0.105000673179051,18.1818181818182,1050.00673179051,12.2406778488864,334235
"2009","Mendoza",31054.8,209491.6,0.018145675861392,0.1224083449027,181.45675861392,1224.083449027,7.61295042245893,1711416
"2009","Misiones",8415.6,6157,0.00792735425164141,0.00579979087971816,79.2735425164141,57.9979087971816,15.6479717976056,1061590
"2009","Neuquén",NA,NA,NA,NA,NA,NA,10.3565275172442,NA
"2009","Río Negro",NA,NA,NA,NA,NA,NA,9.424717228361,NA
"2009","Salta",7539.1,16031.4,0.00626820303087999,0.0133289212332042,62.6820303087999,133.289212332042,19.4139976116934,1202753
"2009","San Juan",5603.1,66331.6,0.00816917754194229,0.0967097886957397,81.6917754194229,967.097886957397,10.2424430583387,685883
"2009","San Luis",56,307.2,0.000130833479352842,0.000717715086735588,1.30833479352842,7.17715086735588,7.87806684420353,428025
"2009","Santa Cruz",20.7,178.2,9.3297456630204e-05,0.000803169409251322,0.93297456630204,8.03169409251322,8.22201770257714,221871
"2009","Santa Fe",6110.3,651.1,0.00189712675475609,0.000202153614392369,18.9712675475609,2.02153614392369,6.43440905587838,3220818
"2009","Santiago del Estero",9043.1,375.3,0.01055525661841,0.000438056397572656,105.5525661841,4.38056397572656,17.6245843366586,856739
"2009","Tierra del Fuego",3.1,0.2,2.52997200708392e-05,1.63224000457027e-06,0.252997200708392,0.0163224000457027,14.2422445836328,122531
"2009","Tucumán",NA,NA,NA,NA,NA,NA,13.2803130206383,NA
"2013","Buenos Aires",NA,NA,NA,NA,NA,NA,8.14096156496191,NA
"2013","Catamarca",NA,NA,NA,NA,NA,NA,11.3450900511453,NA
"2013","Chaco",NA,NA,NA,NA,NA,NA,18.1621666863138,NA
"2013","Chubut",NA,NA,NA,NA,NA,NA,8.44620770395633,NA
"2013","CABA",NA,NA,NA,NA,NA,NA,5.9838244934938,NA
"2013","Córdoba",NA,NA,NA,NA,NA,NA,6.00556480007133,NA
"2013","Corrientes",NA,NA,NA,NA,NA,NA,15.0965096696378,NA
"2013","Entre Ríos",NA,NA,NA,NA,NA,NA,8.04833640345382,NA
"2013","Formosa",NA,NA,NA,NA,NA,NA,19.7308681924121,NA
"2013","Jujuy",NA,NA,NA,NA,NA,NA,15.46297886961,NA
"2013","La Pampa",NA,NA,NA,NA,NA,NA,3.78828686591006,NA
"2013","La Rioja",NA,NA,NA,NA,NA,NA,12.2406778488864,NA
"2013","Mendoza",NA,NA,NA,NA,NA,NA,7.61295042245893,NA
"2013","Misiones",NA,NA,NA,NA,NA,NA,15.6479717976056,NA
"2013","Neuquén",NA,NA,NA,NA,NA,NA,10.3565275172442,NA
"2013","Río Negro",NA,NA,NA,NA,NA,NA,9.424717228361,NA
"2013","Salta",NA,NA,NA,NA,NA,NA,19.4139976116934,NA
"2013","San Juan",NA,NA,NA,NA,NA,NA,10.2424430583387,NA
"2013","San Luis",NA,NA,NA,NA,NA,NA,7.87806684420353,NA
"2013","Santa Cruz",NA,NA,NA,NA,NA,NA,8.22201770257714,NA
"2013","Santa Fe",NA,NA,NA,NA,NA,NA,6.43440905587838,NA
"2013","Santiago del Estero",NA,NA,NA,NA,NA,NA,17.6245843366586,NA
"2013","Tierra del Fuego",NA,NA,NA,NA,NA,NA,14.2422445836328,NA
"2013","Tucumán",NA,NA,NA,NA,NA,NA,13.2803130206383,NA
"2018","Buenos Aires",28878.2,5959.9,0.00171474191020973,0.000353889449850025,17.1474191020973,3.53889449850025,8.14096156496191,16841135
"2018","Catamarca",5331.6,24980.3,0.0133064455747508,0.0623450750977094,133.064455747508,623.450750977094,11.3450900511453,400678
"2018","Chaco",3263.8,2215,0.00282403309443526,0.00191654920772538,28.2403309443526,19.1654920772538,18.1621666863138,1155723
"2018","Chubut",622.4,554.3,0.00107781237336917,0.000959883352439797,10.7781237336917,9.59883352439797,8.44620770395633,577466
"2018","CABA",NA,NA,NA,NA,NA,NA,5.9838244934938,3059122
"2018","Córdoba",15803.6,4990.6,NA,NA,NA,NA,6.00556480007133,NA
"2018","Corrientes",2763.2,20474.9,0.00255696776492035,0.0189467498877995,25.5696776492035,189.467498877995,15.0965096696378,1080655
"2018","Entre Ríos",442.2,33877.7,NA,NA,NA,NA,8.04833640345382,NA
"2018","Formosa",4196.9,2288.4,0.0071789248974537,0.00391437769194717,71.789248974537,39.1437769194717,19.7308681924121,584614
"2018","Jujuy",4588.8,6603.1,0.00623019461211988,0.00896500131696495,62.3019461211988,89.6500131696495,15.46297886961,736542
"2018","La Pampa",14,110.8,4.04401038732954e-05,0.000320054536368652,0.404401038732954,3.20054536368652,3.78828686591006,346191
"2018","La Rioja",906.9,36620.9,0.00243215627589647,0.0982112159708645,24.3215627589647,982.112159708645,12.2406778488864,372879
"2018","Mendoza",32638.1,190841.3,0.0171144886460466,0.100071734017813,171.144886460466,1000.71734017813,7.61295042245893,1907045
"2018","Misiones",1621.5,4363.6,0.00134655724799075,0.00362370472237585,13.4655724799075,36.2370472237585,15.6479717976056,1204182
"2018","Neuquén",537.6,7478.4,NA,NA,NA,NA,10.3565275172442,NA
"2018","Río Negro",3891.5,36318.6,NA,NA,NA,NA,9.424717228361,NA
"2018","Salta",8469.5,10294.4,0.00626498840871736,0.0076148883257217,62.6498840871736,76.148883257217,19.4139976116934,1351878
"2018","San Juan",5112.8,50684.2,0.00683997602637099,0.0678060383578064,68.3997602637099,678.060383578064,10.2424430583387,747488
"2018","San Luis",1930.1,348.9,0.00399775474527544,0.000722665473616186,39.9775474527544,7.22665473616186,7.87806684420353,482796
"2018","Santa Cruz",9,225.6,2.73141951872388e-05,0.000684675826026786,0.273141951872388,6.84675826026786,8.22201770257714,329499
"2018","Santa Fe",5349.9,501.7,0.00156171547872875,0.000146453701130528,15.6171547872875,1.46453701130528,6.43440905587838,3425656
"2018","Santiago del Estero",6816.9,377.2,0.00726663959092174,0.000402085471944092,72.6663959092174,4.02085471944092,17.6245843366586,938109
"2018","Tierra del Fuego",6.5,61,4.15311579525778e-05,0.000389753943862653,0.415311579525778,3.89753943862653,14.2422445836328,156509
"2018","Tucumán",6402.2,52852.6,NA,NA,NA,NA,13.2803130206383,NA
