Superficie implantada en las explotaciones agropecuarias por grupo de cultivos, según período de ocupación y provincia, en hectáreas.;;;;;;;;;;;;;;;;
Fuente: INDEC. Censo Nacional Agropecuario 2018. Resultados definitivos;;;;;;;;;;;;;;;;
;;;;;;;;;;;;;;;;
CODIGO;PROVINCIA;PERIODO DE OCUPACION;TOTAL;GRUPO DE CULTIVOS CEREALES;GRUPO DE CULTIVOS OLEAGINOSAS;GRUPO DE CULTIVOS CULTIVOS INDUSTRIALES;GRUPO DE CULTIVOS LEGUMBRES;GRUPO DE CULTIVOS FORRAJERAS ANUALES;GRUPO DE CULTIVOS FORRAJERAS PERENNES;GRUPO DE CULTIVOS ORTALIZAS;GRUPO DE CULTIVOS FLORES DE CORTE;GRUPO DE CULTIVOS AROMATICAS MEDICINALES Y CONDIMENTARIAS;GRUPO DE CULTIVOS FRUTALES;GRUPO DE CULTIVOS BOSQUES Y MONTES IMPLANTADOS;GRUPO DE CULTIVOS VIVEROS;GRUPO DE CULTIVOS SIN DISCRIMINAR
0;País;Total;36.146.226,30;11.325.179,10;14.416.693,20;887.487,30;362.092,10;3.685.328,60;3.759.355,50;139.585,60;582,6;7.895,90;490.770,90;929.106,10;2.423,20;139.725,70
0;País;Primera Ocupacion;31.950.194,90;10.520.458,80;11.640.257,90;869.898,60;337.371,30;3.304.031,60;3.605.701,50;135.472,20;574,6;7.791,10;485.951,90;902.514,50;2.422,20;137.748,30
0;País;Segunda Ocupacion;4.196.031,40;804.720,30;2776435.34;17.588,60;24.720,70;381.297,00;153.653,90;4.113,40;8;104,8;4.819,00;26.591,60;1.0;1.977,40
6;Buenos Aires;Total;11.196.633,80;3.880.253,40;4.510.491,60;299,6;19.870,00;1.604.990,40;1.060.391,00;28.878,20;307,3;1.350,40;5.959,90;25.676,60;1.307,40;56.857,40
6;Buenos Aires;Primera Ocupacion;9.983.826,30;3.778.929,00;3.596.093,90;299,6;19.449,50;1.457.276,60;1.012.439,60;28.785,70;307,3;1.350,20;5.959,40;25.630,20;1.307,40;55.997,40
6;Buenos Aires;Segunda Ocupacion;1.212.807,40;101.324,40;914.397,70;'-;420,5;147.713,80;47.951,40;92,4;'-;0.24;0.5;46,3;'-;860
10;Catamarca;Total;158.357,70;57.362,90;46.592,60;460,5;7.189,30;5.582,60;9.361,30;5.331,60;4,6;171,4;24.980,30;729,3;21,9;568,8
10;Catamarca;Primera Ocupacion;117.254,50;37.540,10;28.619,20;445,5;5.863,10;4.828,90;8.588,00;5.067,50;4,6;160,4;24.826,90;719,2;21,9;568,6
10;Catamarca;Segunda Ocupacion;41.103,10;19.822,70;17.973,30;15;1.326,20;753,7;773,3;264;'-;11;153,3;10.14;'-;0.2
22;Chaco;Total;1.185.579,30;290.970,10;644.014,40;106.076,20;514,5;45.324,00;86.624,40;3.263,80;0;0;22.15;1.424,50;0.059;7.345,00
22;Chaco;Primera Ocupacion;1.025.218,80;215.867,60;564.442,70;104.344,90;512,5;43.275,20;84.885,90;3.150,00;'-;'-;22.15;1.424,50;0.059;7.293,00
22;Chaco;Segunda Ocupacion;160.360,50;75.102,40;79.571,60;1.731,30;2;2.048,70;1.738,50;113,8;'-;'-;'-;'-;'-;52
26;Chubut;Total;41.677,50;889,4;0;0.1;0.6;2.270,70;22.316,50;622,4;6,7;0.90;554,3;14.994,40;7,2;14
26;Chubut;Primera Ocupacion;40.104,70;851,4;'-;0.1;0.6;1.554,70;21.514,50;616,6;6,7;0.90;550,8;14.986,90;7,2;14
26;Chubut;Segunda Ocupacion;1.572,70;38;'-;'-;'-;716;802;5,8;'-;'-;3,4;7,5;'-;0
14;Córdoba;Total;8.077.697,20;2.801.664,10;3.922.488,30;557;46.689,80;627.270,90;628.448,90;15.803,60;3;175,8;4.990,60;13.746,10;75,2;15.783,50
14;Córdoba;Primera Ocupacion;7.144.533,80;2.582.342,60;3.339.626,50;557;40.545,80;534.180,70;601.298,40;14.134,00;3;174,8;3.568,60;12.243,10;75,2;15.783,50
14;Córdoba;Segunda Ocupacion;933.163,40;219.321,40;582.861,70;'-;6.144,00;93.090,20;27.150,50;1.669,50;'-;1.0;1422.0;1.503,00;'-;0
18;Corrientes;Total;508.147,10;81.187,40;5.755,40;20.885,70;53,1;22.287,10;31.254,30;2.763,20;32,8;32;20.474,90;322.802,60;122,2;496,1
18;Corrientes;Primera Ocupacion;481.771,70;80.331,20;5.753,40;20.497,10;29,1;19.660,60;29.445,30;2.568,10;32,8;32;20.308,40;302.535,10;122,2;456,1
18;Corrientes;Segunda Ocupacion;26.375,40;856,2;2;388,5;24.00;2.626,50;1.809,00;195,1;'-;'-;166,5;20.267,50;'-;40
30;Entre Ríos;Total;2.247.040,40;732.599,20;1.005.334,90;24;1.664,00;153.337,60;202.952,80;442,2;0;0;33.877,70;107.206,30;67;9.534,50
30;Entre Ríos;Primera Ocupacion;1.898.614,60;702.889,00;724.423,10;24;1.664,00;130.907,20;188.029,40;322,2;'-;'-;33.800,70;106.953,30;67;9.534,50
30;Entre Ríos;Segunda Ocupacion;348.425,80;29.710,20;280.911,80;'-;'-;22.430,30;14.923,30;120;'-;'-;77;253;'-;0
34;Formosa;Total;274.266,70;24.245,60;8.485,30;6.589,20;370,2;5.572,40;221.767,80;4.196,90;0;0;2.288,40;357,5;145;248
34;Formosa;Primera Ocupacion;268.378,10;23.378,60;8.249,40;6.209,80;330,1;5.160,40;218.226,80;3.850,00;'-;'-;2.236,30;357,5;145;234
34;Formosa;Segunda Ocupacion;5.888,50;867;235,9;379,4;40,1;412;3.541,00;346,9;'-;'-;52,1;'-;'-;14
38;Jujuy;Total;169.192,40;8.887,70;4.097,60;127.615,80;10.341,20;1.316,20;3.633,00;4.588,80;87,3;5,4;6.603,10;1.172,20;8;835,5
38;Jujuy;Primera Ocupacion;166.784,90;8.101,50;3.282,60;127.541,80;10.240,20;1.089,30;3.496,30;4.394,90;79,9;5,4;6.537,80;1.172,20;8;834,3
38;Jujuy;Segunda Ocupacion;2.407,40;786,2;815;74;101;226,8;136,7;193,8;7,4;0.01;65,2;'-;'-;1.2
42;La Pampa;Total;1.742.122,40;442.973,00;364.126,10;0;74;562.560,40;364.421,90;1.4;0;0.75;110,8;89;0;7.765,00
42;La Pampa;Primera Ocupacion;1.671.129,90;428.775,50;344.215,10;'-;74;529.433,50;360.664,90;1.4;'-;0.75;110,8;89;'-;7.765,00
42;La Pampa;Segunda Ocupacion;70.992,40;14.197,50;19.911,00;'-;'-;33.126,90;3.757,00;'-;'-;'-;'-;'-;'-;0
46;La Rioja;Total;51.149,20;555,1;0;2.602,70;101,7;305,2;9.171,50;906,9;0.25;2.63;36.620,90;706,3;22,2;153,5
46;La Rioja;Primera Ocupacion;50.395,60;436,9;'-;2.602,70;101,7;250,6;9.135,30;897,4;0.25;2.63;36.085,90;706,3;22,2;153,5
46;La Rioja;Segunda Ocupacion;753,6;118,2;'-;'-;'-;54,6;36,2;9,4;'-;'-;535;'-;'-;0
50;Mendoza;Total;267.132,20;2.435,50;167;108,1;21,5;4.733,00;28.949,70;32.638,10;106,3;1.050,00;190.841,30;4.119,50;321;1.640,70
50;Mendoza;Primera Ocupacion;264.955,50;2.267,70;167;107,6;21,5;4.259,40;28.832,20;32.502,80;105,7;1.040,70;189.598,60;4.092,90;320,5;1.638,20
50;Mendoza;Segunda Ocupacion;2.176,70;167,8;'-;0.5;'-;473,6;117,5;135,2;0.55;9,3;1.242,60;26,6;0.5;2,5
54;Misiones;Total;631.712,90;25.434,60;1.914,60;194.535,10;1.009,90;3.501,00;41.727,20;1.621,50;6,7;1.091,10;4.363,60;355.084,90;49,6;1.372,40
54;Misiones;Primera Ocupacion;610.760,30;17.291,70;1.721,30;191.456,20;895,8;3.077,80;36.601,20;1.544,70;6,7;1.084,10;4.157,40;351.536,30;49,6;1.336,90
54;Misiones;Segunda Ocupacion;20.952,60;8.142,80;193,3;3.078,90;114;423,2;5.126,00;76,7;'-;7;206,2;3.548,50;'-;35,5
58;Neuquén;Total;64.921,00;170;0;2,2;2.15;301,5;8.265,70;537,6;0.41;5,6;7.478,40;47.561,70;9,6;585,6
58;Neuquén;Primera Ocupacion;63.515,60;164;'-;2,2;2.15;272;7.468,20;536,6;0.41;2,6;7.344,20;47.141,70;9,6;571,6
58;Neuquén;Segunda Ocupacion;1.405,30;6;'-;'-;'-;29,5;797,5;1.02;'-;3;134,2;420;'-;14
62;Río Negro;Total;99.436,40;9.096,20;344,5;76,7;1.021;14.826,40;28.981,70;3.891,50;0.1;47,8;36.318,60;4.990,30;101,7;759,6
62;Río Negro;Primera Ocupacion;96.988,80;8.116,40;344,5;76,7;1.021;14.430,50;28.429,90;3.887,30;0.1;47,6;36.303,40;4.490,30;101,2;759,6
62;Río Negro;Segunda Ocupacion;2.447,60;979,8;'-;'-;'-;395,9;551,7;4,2;'-;0.15;15,2;500;0.5;0
66;Salta;Total;1.020.315,90;272.176,60;288.261,40;66.462,00;197.690,30;40.005,10;116.380,20;8.469,50;0.3;3.429,80;10.294,40;4.363,10;13.90;12.768,90
66;Salta;Primera Ocupacion;945.395,60;242.305,70;255.990,10;66.299,90;189.566,20;38.837,80;113.365,20;8.368,10;0.3;3.357,10;10.248,80;4.360,10;13.90;12.681,90
66;Salta;Segunda Ocupacion;74.920,30;29.870,90;32.271,30;162;8.124,00;1.167,30;3.015,00;101,3;'-;72,7;45,5;3;'-;87
70;San Juan;Total;66.052,60;206,6;0;0;52,3;351,7;7.187,60;5.112,80;2,3;51;50.684,20;554,8;23,9;1.825,00
70;San Juan;Primera Ocupacion;65.639,50;196,6;'-;'-;51,1;282,8;7.185,40;5.084,50;2,3;51;50.390,70;554,8;23,9;1.816,00
70;San Juan;Segunda Ocupacion;413,1;10;'-;'-;1.25;68,9;2,2;28,3;'-;'-;293,5;'-;'-;8.95
74;San Luis;Total;951.562,00;281.773,50;241.355,50;5.350,00;1.534,50;206.030,30;212.276,50;1.930,10;6.4;1.5;348,9;67,5;0;887
74;San Luis;Primera Ocupacion;919.355,20;275.111,20;235.797,00;4.673,00;1.381,50;188.390,30;210.762,50;1.928,10;6.4;1.5;348,9;67,5;'-;887
74;San Luis;Segunda Ocupacion;32.206,70;6.662,30;5.558,50;677;153;17.639,90;1.514,00;2;'-;'-;'-;'-;'-;0
78;Santa Cruz;Total;11.499,40;0.018;0;0;0.138;14,8;11.248,90;9;0.52;0;225,6;0.4;0;0
78;Santa Cruz;Primera Ocupacion;11.492,10;0.018;'-;'-;0.138;10;11.248,90;9;0.52;'-;223,1;0.4;'-;0
78;Santa Cruz;Segunda Ocupacion;7,3;'-;'-;'-;'-;4,8;'-;'-;'-;'-;2,5;'-;'-;0
82;Santa Fe;Total;4.841.292,20;1.544.713,20;2.491.756,60;34.015,60;26.454,50;314.753,80;400.031,20;5.349,90;15,5;466,5;501,7;8.887,30;46,4;14.299,60
82;Santa Fe;Primera Ocupacion;3.921.583,70;1.391.658,90;1.806.743,70;30.744,60;25.277,50;265.391,50;373.069,40;5.167,60;15,5;466,5;496,7;8.887,30;46,4;13.617,60
82;Santa Fe;Segunda Ocupacion;919.708,50;153.054,20;685.012,80;3.271,00;1.177,00;49.362,30;26.961,80;182,2;'-;'-;5;'-;'-;682
86;Santiago del Estero;Total;1.991.609,40;762.903,50;769.243,10;93.069,20;35.967,50;58.613,10;245.537,80;6.816,90;0;12;377,2;14.059,00;9,7;5.000,00
86;Santiago del Estero;Primera Ocupacion;1.707.891,30;637.479,00;642.406,10;87.626,70;29.104,00;52.740,10;232.918,30;6.339,50;'-;12;376,5;14.059,00;9,7;4.820,00
86;Santiago del Estero;Segunda Ocupacion;283.718,10;125.424,50;126.837,00;5.442,50;6.863,50;5.873,00;12.619,50;477,3;'-;'-;0.75;'-;'-;180
94;Tierra del Fuego;Total;98,7;0;0;0;0;32,2;58,6;6,5;0;0.6796;0.61;0;0.06;0
94;Tierra del Fuego;Primera Ocupacion;78,1;'-;'-;'-;'-;12,2;58,6;6,3;'-;0.2746;0.61;'-;0.06;'-
94;Tierra del Fuego;Segunda Ocupacion;20,6;'-;'-;'-;'-;20;'-;0.2;'-;0.405;'-;'-;'-;0
90;Tucumán;Total;548.728,80;104.680,30;112.263,90;228.757,00;12.489,50;11.347,30;18.366,00;6.402,20;1.84;0.15;52.852,60;512,3;70,5;985
90;Tucumán;Primera Ocupacion;494.525,30;86.423,10;82.381,80;226.388,70;12.259,50;8.708,80;18.036,30;6.308,50;1.80;0.15;52.454,50;506,3;70,5;985
90;Tucumán;Segunda Ocupacion;54.203,50;18.257,20;29.882,10;2.368,30;230;2.638,40;329,6;93,6;0.04;'-;398,1;6;'-;0
